<?xml version="1.0" encoding="UTF-8" ?>
<!DOCTYPE mapper PUBLIC "-//mybatis.org//DTD Mapper 3.0//EN" "http://mybatis.org/dtd/mybatis-3-mapper.dtd">
<mapper namespace="com.dd.order.dao.UserInfoMapper">

    <resultMap id="userInfoResultMap" type="com.dd.order.entity.UserInfo">
        <id column="userId" property="userId"/> 
        <result column="loginName" property="loginName"/> 
        <result column="userName" property="userName"/> 

        
        
    </resultMap>

    <sql id="userInfoColumns">
        `user_info`.`user_id` AS `userId`,
        `user_info`.`login_name` AS `loginName`,
        `user_info`.`user_name` AS `userName`
    </sql>

    <sql id="userInfoJoins">
        
    </sql>

    <select id="get" resultMap="userInfoResultMap">
        SELECT
        <include refid="userInfoColumns" />
        FROM `user_info` <include refid="userInfoJoins" />
        <where>
        `user_info`.`user_id` = #{id}
        </where>
    </select>


    <select id="findAllList" resultMap="userInfoResultMap">
        SELECT
        <include refid="userInfoColumns" />
        FROM `user_info` <include refid="userInfoJoins" />
        <where>
        </where>
    </select>

    <insert id="insert">
        INSERT INTO `user_info`(
            `user_id`,
            `login_name`,
            `user_name`
        )
        VALUES (
            #{userId},
            #{loginName},
            #{userName}
        )
    </insert>

    <insert id="insertBatch">
        INSERT INTO `user_info`(
            `user_id`,
            `login_name`,
            `user_name`
        )
        VALUES
        <foreach collection ="list" item="userInfo" separator =",">
        (
            #{userInfo.userId},
            #{userInfo.loginName},
            #{userInfo.userName}
        )
        </foreach>
    </insert>

    <update id="update">
        UPDATE `user_info`
        <set>
                <if test= "loginName!=null and loginName !=''"> 
         `login_name` = #{loginName},
        </if>
        <if test= "userName!=null and userName !=''"> 
         `user_name` = #{userName}
        </if>
      </set>
        WHERE `user_id` = #{userId}
    </update>

    <delete id="delete">
        delete from `user_info`
        WHERE `user_id` = #{userId}
    </delete>

</mapper>