<?xml version="1.0" encoding="UTF-8" ?>
<!DOCTYPE mapper PUBLIC "-//mybatis.org//DTD Mapper 3.0//EN" "http://mybatis.org/dtd/mybatis-3-mapper.dtd">
<mapper namespace="com.dd.admin.dao.SysDictTypeMapper">

    <resultMap id="sysDictTypeResultMap" type="com.dd.model.user.SysDictType">
        <id column="id" property="id"/>
        <result column="code" property="code"/>
        <result column="name" property="name"/>
        <result column="remarks" property="remarks"/>
        <result column="tenantId" property="tenantId"/>
        <result column="creator" property="creator"/>
        <result column="createDate" property="createDate"/>


    </resultMap>

    <sql id="sysDictTypeColumns">
        `sys_dict_type`.`id` AS `id`,
        `sys_dict_type`.`code` AS `code`,
        `sys_dict_type`.`name` AS `name`,
        `sys_dict_type`.`remarks` AS `remarks`,
        `sys_dict_type`.`tenant_id` AS `tenantId`,
        `sys_dict_type`.`creator` AS `creator`,
        `sys_dict_type`.`create_date` AS `createDate`
    </sql>

    <sql id="sysDictTypeJoins">

    </sql>

    <select id="get" resultMap="sysDictTypeResultMap">
        SELECT
        <include refid="sysDictTypeColumns"/>
        FROM `sys_dict_type`
        <include refid="sysDictTypeJoins"/>
        <where>
            `sys_dict_type`.`id` = #{id}
        </where>
    </select>


    <select id="findAllList" resultMap="sysDictTypeResultMap">
        SELECT
        <include refid="sysDictTypeColumns"/>
        FROM `sys_dict_type`
        <include refid="sysDictTypeJoins"/>
        <where>
        </where>
    </select>

    <insert id="insert">
        INSERT INTO `sys_dict_type`(
            `id`,
            `code`,
            `name`,
            `remarks`,
            `tenant_id`,
            `creator`,
            `create_date`
        )
        VALUES (
            #{id},
            #{code},
            #{name},
            #{remarks},
            #{tenantId},
            #{creator},
            #{createDate}
        )
    </insert>

    <insert id="insertBatch">
        INSERT INTO `sys_dict_type`(
        `id`,
        `code`,
        `name`,
        `remarks`,
        `tenant_id`,
        `creator`,
        `create_date`
        )
        VALUES
        <foreach collection="list" item="sysDictType" separator=",">
            (
            #{sysDictType.id},
            #{sysDictType.code},
            #{sysDictType.name},
            #{sysDictType.remarks},
            #{sysDictType.tenantId},
            #{sysDictType.creator},
            #{sysDictType.createDate}
            )
        </foreach>
    </insert>

    <update id="update">
        UPDATE `sys_dict_type`
        <set>
            <if test="code!=null and code !=''">
                `code` = #{code},
            </if>
            <if test="name!=null and name !=''">
                `name` = #{name},
            </if>
            <if test="remarks!=null and remarks !=''">
                `remarks` = #{remarks},
            </if>
            <if test="tenantId!=null and tenantId !=''">
                `tenant_id` = #{tenantId},
            </if>
            <if test="creator!=null and creator !=''">
                `creator` = #{creator},
            </if>
            <if test="createDate!=null and createDate !=''">
                `create_date` = #{createDate}
            </if>
        </set>
        WHERE `id` = #{id}
    </update>

    <delete id="delete">
        delete from `sys_dict_type`
        WHERE `id` = #{id}
    </delete>

</mapper>