<?xml version="1.0" encoding="UTF-8" ?>
<!DOCTYPE mapper PUBLIC "-//mybatis.org//DTD Mapper 3.0//EN" "http://mybatis.org/dtd/mybatis-3-mapper.dtd">
<mapper namespace="com.dd.admin.dao.SysMenuMapper">

    <resultMap id="sysMenuResultMap" type="com.dd.model.user.SysMenu">
        <id column="menuId" property="menuId"/> 
        <result column="parentId" property="parentId"/> 
        <result column="parentIds" property="parentIds"/> 
        <result column="menuName" property="menuName"/> 
        <result column="menuSort" property="menuSort"/> 
        <result column="menuType" property="menuType"/> 
        <result column="permission" property="permission"/> 
        <result column="icon" property="icon"/> 
        <result column="action" property="action"/> 
        <result column="path" property="path"/> 
        <result column="target" property="target"/> 
        <result column="remarks" property="remarks"/> 
        <result column="status" property="status"/> 
        <result column="tenantId" property="tenantId"/> 
        <result column="registerFlag" property="registerFlag"/> 
        <result column="creator" property="creator"/> 
        <result column="createDate" property="createDate"/> 

        
        
    </resultMap>

    <sql id="sysMenuColumns">
        `sys_menu`.`menu_id` AS `menuId`,
        `sys_menu`.`parent_id` AS `parentId`,
        `sys_menu`.`parent_ids` AS `parentIds`,
        `sys_menu`.`menu_name` AS `menuName`,
        `sys_menu`.`menu_sort` AS `menuSort`,
        `sys_menu`.`menu_type` AS `menuType`,
        `sys_menu`.`permission` AS `permission`,
        `sys_menu`.`icon` AS `icon`,
        `sys_menu`.`action` AS `action`,
        `sys_menu`.`path` AS `path`,
        `sys_menu`.`target` AS `target`,
        `sys_menu`.`remarks` AS `remarks`,
        `sys_menu`.`status` AS `status`,
        `sys_menu`.`tenant_id` AS `tenantId`,
        `sys_menu`.`register_flag` AS `registerFlag`,
        `sys_menu`.`creator` AS `creator`,
        `sys_menu`.`create_date` AS `createDate`
    </sql>

    <sql id="sysMenuJoins">
        
    </sql>

    <select id="get" resultMap="sysMenuResultMap">
        SELECT
        <include refid="sysMenuColumns" />
        FROM `sys_menu` <include refid="sysMenuJoins" />
        <where>
        `sys_menu`.`menu_id` = #{id}
        </where>
    </select>


    <select id="findAllList" resultMap="sysMenuResultMap">
        SELECT
        <include refid="sysMenuColumns" />
        FROM `sys_menu` <include refid="sysMenuJoins" />
        <where>
        </where>
    </select>

    <insert id="insert">
        INSERT INTO `sys_menu`(
            `menu_id`,
            `parent_id`,
            `parent_ids`,
            `menu_name`,
            `menu_sort`,
            `menu_type`,
            `permission`,
            `icon`,
            `action`,
            `path`,
            `target`,
            `remarks`,
            `status`,
            `tenant_id`,
            `register_flag`,
            `creator`,
            `create_date`
        )
        VALUES (
            #{menuId},
            #{parentId},
            #{parentIds},
            #{menuName},
            #{menuSort},
            #{menuType},
            #{permission},
            #{icon},
            #{action},
            #{path},
            #{target},
            #{remarks},
            #{status},
            #{tenantId},
            #{registerFlag},
            #{creator},
            #{createDate}
        )
    </insert>

    <insert id="insertBatch">
        INSERT INTO `sys_menu`(
            `menu_id`,
            `parent_id`,
            `parent_ids`,
            `menu_name`,
            `menu_sort`,
            `menu_type`,
            `permission`,
            `icon`,
            `action`,
            `path`,
            `target`,
            `remarks`,
            `status`,
            `tenant_id`,
            `register_flag`,
            `creator`,
            `create_date`
        )
        VALUES
        <foreach collection ="list" item="sysMenu" separator =",">
        (
            #{sysMenu.menuId},
            #{sysMenu.parentId},
            #{sysMenu.parentIds},
            #{sysMenu.menuName},
            #{sysMenu.menuSort},
            #{sysMenu.menuType},
            #{sysMenu.permission},
            #{sysMenu.icon},
            #{sysMenu.action},
            #{sysMenu.path},
            #{sysMenu.target},
            #{sysMenu.remarks},
            #{sysMenu.status},
            #{sysMenu.tenantId},
            #{sysMenu.registerFlag},
            #{sysMenu.creator},
            #{sysMenu.createDate}
        )
        </foreach>
    </insert>

    <update id="update">
        UPDATE `sys_menu`
        <set>
                <if test= "parentId!=null and parentId !=''"> 
         `parent_id` = #{parentId},
        </if>
        <if test= "parentIds!=null and parentIds !=''"> 
         `parent_ids` = #{parentIds},
        </if>
        <if test= "menuName!=null and menuName !=''"> 
         `menu_name` = #{menuName},
        </if>
        <if test= "menuSort!=null and menuSort !=''"> 
         `menu_sort` = #{menuSort},
        </if>
        <if test= "menuType!=null and menuType !=''"> 
         `menu_type` = #{menuType},
        </if>
        <if test= "permission!=null and permission !=''"> 
         `permission` = #{permission},
        </if>
        <if test= "icon!=null and icon !=''"> 
         `icon` = #{icon},
        </if>
        <if test= "action!=null and action !=''"> 
         `action` = #{action},
        </if>
        <if test= "path!=null and path !=''"> 
         `path` = #{path},
        </if>
        <if test= "target!=null and target !=''"> 
         `target` = #{target},
        </if>
        <if test= "remarks!=null and remarks !=''"> 
         `remarks` = #{remarks},
        </if>
        <if test= "status!=null and status !=''"> 
         `status` = #{status},
        </if>
        <if test= "tenantId!=null and tenantId !=''"> 
         `tenant_id` = #{tenantId},
        </if>
        <if test= "registerFlag!=null and registerFlag !=''"> 
         `register_flag` = #{registerFlag},
        </if>
        <if test= "creator!=null and creator !=''"> 
         `creator` = #{creator},
        </if>
        <if test= "createDate!=null and createDate !=''"> 
         `create_date` = #{createDate}
        </if>
      </set>
        WHERE `menu_id` = #{menuId}
    </update>

    <delete id="delete">
        delete from `sys_menu`
        WHERE `menu_id` = #{menuId}
    </delete>

</mapper>