<?xml version="1.0" encoding="UTF-8" ?>
<!DOCTYPE mapper PUBLIC "-//mybatis.org//DTD Mapper 3.0//EN" "http://mybatis.org/dtd/mybatis-3-mapper.dtd">
<mapper namespace="com.dd.admin.dao.SysRoleMenuMapper">

    <resultMap id="sysRoleMenuResultMap" type="com.dd.model.user.SysRoleMenu">
        <id column="menuId" property="menuId"/>
        <result column="roleId" property="roleId"/>
    </resultMap>

    <sql id="sysRoleMenuColumns">
        `sys_role_menu`.`role_id` AS `roleId`,
        `sys_role_menu`.`menu_id` AS `menuId`
    </sql>

    <sql id="sysRoleMenuJoins">

    </sql>

    <select id="get" resultMap="sysRoleMenuResultMap">
        SELECT
        <include refid="sysRoleMenuColumns"/>
        FROM `sys_role_menu`
        <include refid="sysRoleMenuJoins"/>
        <where>
            `sys_role_menu`.`menu_id` = #{id}
        </where>
    </select>


    <select id="findAllList" resultMap="sysRoleMenuResultMap">
        SELECT
        <include refid="sysRoleMenuColumns"/>
        FROM `sys_role_menu`
        <include refid="sysRoleMenuJoins"/>
        <where>
        </where>
    </select>

    <insert id="insert">
        INSERT INTO `sys_role_menu`(
            `role_id`,
            `menu_id`
        )
        VALUES (
            #{roleId},
            #{menuId}
        )
    </insert>

    <insert id="insertBatch">
        INSERT INTO `sys_role_menu`(
        `role_id`,
        `menu_id`
        )
        VALUES
        <foreach collection="list" item="sysRoleMenu" separator=",">
            (
            #{sysRoleMenu.roleId},
            #{sysRoleMenu.menuId}
            )
        </foreach>
    </insert>

    <update id="update">
        UPDATE `sys_role_menu`
        <set>
            <if test="roleId!=null and roleId !=''">
                `role_id` = #{roleId},
            </if>

        </set>
        WHERE `menu_id` = #{menuId}
    </update>

    <delete id="delete">
        delete from `sys_role_menu`
        WHERE `menu_id` = #{menuId}
    </delete>

</mapper>