<?xml version="1.0" encoding="UTF-8"?>
<!DOCTYPE configuration
        PUBLIC "-//mybatis.org//DTD Config 3.0//EN"
        "http://mybatis.org/dtd/mybatis-3-config.dtd">
<configuration>
    <properties>
        <property name="dialect" value="mysql"/>
    </properties>
    <settings>
        <!--<setup name="useGeneratedKeys" value="true"/>-->
        <!-- 使用列别名替换列名 -->
        <setting name="useColumnLabel" value="true"/>
        <!--<setup name="mapUnderscoreToCamelCase" value="true"/>-->
        <!--<setup name="logImpl" value="LOG4J2"/>-->
    </settings>
</configuration>